dataset_versions,backend,category,unique_tasks,measurement_attempts,successful_measurements,failed_measurements,success_rate,scored_measurements,mean_score,median_latency_ms,median_ttft_ms,median_output_tokens_per_second,peak_gpu_memory_mib,stable_response_tasks
"synthetic-docs-v1, synthetic-robustness-v1, synthetic-v1.1, synthetic-video-v1",qwen3-vl,attribute-recognition,24,72,72,0,1.000000,72,0.958333,178.263600,109.167850,11.698330,4089.453125,24
"synthetic-docs-v1, synthetic-robustness-v1, synthetic-v1.1, synthetic-video-v1",qwen3-vl,chart-qa,8,24,24,0,1.000000,24,0.625000,271.790150,164.396500,13.164687,4179.395508,8
"synthetic-docs-v1, synthetic-robustness-v1, synthetic-v1.1, synthetic-video-v1",qwen3-vl,counting,6,18,18,0,1.000000,18,1.000000,180.041500,105.455050,11.557317,4089.453125,6
"synthetic-docs-v1, synthetic-robustness-v1, synthetic-v1.1, synthetic-video-v1",qwen3-vl,document-key-value,10,30,30,0,1.000000,30,0.900000,329.741050,165.854050,15.772481,4180.455566,10
"synthetic-docs-v1, synthetic-robustness-v1, synthetic-v1.1, synthetic-video-v1",qwen3-vl,document-ocr,6,18,18,0,1.000000,18,0.833333,480.086200,172.735800,18.045958,4179.129883,6
"synthetic-docs-v1, synthetic-robustness-v1, synthetic-v1.1, synthetic-video-v1",qwen3-vl,event-order,4,12,12,0,1.000000,12,0.000000,381.016850,100.542250,21.067781,4096.037598,4
"synthetic-docs-v1, synthetic-robustness-v1, synthetic-v1.1, synthetic-video-v1",qwen3-vl,image-description,2,6,6,0,1.000000,6,1.000000,1657.563300,110.091000,26.396577,4092.103516,2
"synthetic-docs-v1, synthetic-robustness-v1, synthetic-v1.1, synthetic-video-v1",qwen3-vl,motion-direction,4,12,12,0,1.000000,12,0.500000,193.985850,95.624650,13.221333,4096.183594,4
"synthetic-docs-v1, synthetic-robustness-v1, synthetic-v1.1, synthetic-video-v1",qwen3-vl,occlusion-reasoning,3,9,9,0,1.000000,9,0.666667,178.275100,108.577800,11.739108,4089.845703,3
"synthetic-docs-v1, synthetic-robustness-v1, synthetic-v1.1, synthetic-video-v1",qwen3-vl,spatial-reasoning,10,30,30,0,1.000000,30,0.800000,190.806450,109.493750,12.947097,4093.410156,10
"synthetic-docs-v1, synthetic-robustness-v1, synthetic-v1.1, synthetic-video-v1",qwen3-vl,state-change,3,9,9,0,1.000000,9,1.000000,214.719000,108.858600,12.185641,4097.328613,3
"synthetic-docs-v1, synthetic-robustness-v1, synthetic-v1.1, synthetic-video-v1",qwen3-vl,table-qa,8,24,24,0,1.000000,24,0.500000,272.926250,167.508750,13.110408,4179.924805,8
"synthetic-docs-v1, synthetic-robustness-v1, synthetic-v1.1, synthetic-video-v1",qwen3-vl,temporal-counting,5,15,15,0,1.000000,15,0.800000,197.961600,99.612800,13.210563,4097.458984,5
"synthetic-docs-v1, synthetic-robustness-v1, synthetic-v1.1, synthetic-video-v1",qwen3-vl,temporal-position,8,24,24,0,1.000000,24,0.750000,219.780450,109.994500,11.393060,4097.328613,8
"synthetic-docs-v1, synthetic-robustness-v1, synthetic-v1.1, synthetic-video-v1",qwen3-vl,visual-comparison,1,3,3,0,1.000000,3,1.000000,201.280300,117.784900,10.229876,4090.238281,1
"synthetic-docs-v1, synthetic-robustness-v1, synthetic-v1.1, synthetic-video-v1",smolvlm2,attribute-recognition,24,72,72,0,1.000000,72,1.000000,411.169200,260.724000,8.799480,1265.239258,24
"synthetic-docs-v1, synthetic-robustness-v1, synthetic-v1.1, synthetic-video-v1",smolvlm2,chart-qa,8,24,24,0,1.000000,24,0.375000,492.500350,264.226050,11.122407,1265.244629,8
"synthetic-docs-v1, synthetic-robustness-v1, synthetic-v1.1, synthetic-video-v1",smolvlm2,counting,6,18,18,0,1.000000,18,1.000000,394.946050,260.973700,9.005032,1265.239258,6
"synthetic-docs-v1, synthetic-robustness-v1, synthetic-v1.1, synthetic-video-v1",smolvlm2,document-key-value,10,30,30,0,1.000000,30,0.900000,549.295150,262.052450,13.861296,1265.250000,10
"synthetic-docs-v1, synthetic-robustness-v1, synthetic-v1.1, synthetic-video-v1",smolvlm2,document-ocr,6,18,18,0,1.000000,18,1.000000,675.836100,264.558050,16.624281,1265.248047,6
"synthetic-docs-v1, synthetic-robustness-v1, synthetic-v1.1, synthetic-video-v1",smolvlm2,event-order,4,12,12,0,1.000000,12,0.750000,553.177850,174.470700,10.863052,1177.333008,4
"synthetic-docs-v1, synthetic-robustness-v1, synthetic-v1.1, synthetic-video-v1",smolvlm2,image-description,2,6,6,0,1.000000,6,0.500000,700.140750,262.262300,15.042387,1265.239258,2
"synthetic-docs-v1, synthetic-robustness-v1, synthetic-v1.1, synthetic-video-v1",smolvlm2,motion-direction,4,12,12,0,1.000000,12,0.250000,574.484300,180.496650,11.140926,1177.334473,4
"synthetic-docs-v1, synthetic-robustness-v1, synthetic-v1.1, synthetic-video-v1",smolvlm2,occlusion-reasoning,3,9,9,0,1.000000,9,0.333333,415.309800,261.255700,8.836803,1265.242676,3
"synthetic-docs-v1, synthetic-robustness-v1, synthetic-v1.1, synthetic-video-v1",smolvlm2,spatial-reasoning,10,30,30,0,1.000000,30,0.533333,417.680350,263.952100,8.768969,1265.279297,10
"synthetic-docs-v1, synthetic-robustness-v1, synthetic-v1.1, synthetic-video-v1",smolvlm2,state-change,3,9,9,0,1.000000,9,0.666667,572.056000,167.806100,11.205390,1177.336426,3
"synthetic-docs-v1, synthetic-robustness-v1, synthetic-v1.1, synthetic-video-v1",smolvlm2,table-qa,8,24,24,0,1.000000,24,0.250000,467.526000,262.112300,10.397810,1265.248047,8
"synthetic-docs-v1, synthetic-robustness-v1, synthetic-v1.1, synthetic-video-v1",smolvlm2,temporal-counting,5,15,15,0,1.000000,15,0.400000,562.315800,180.936200,11.275427,1177.338379,5
"synthetic-docs-v1, synthetic-robustness-v1, synthetic-v1.1, synthetic-video-v1",smolvlm2,temporal-position,8,24,24,0,1.000000,24,0.500000,568.209450,173.077050,11.436982,1177.336426,8
"synthetic-docs-v1, synthetic-robustness-v1, synthetic-v1.1, synthetic-video-v1",smolvlm2,visual-comparison,1,3,3,0,1.000000,3,1.000000,412.705100,267.796600,8.755397,1265.246582,1
